--
-- PostgreSQL database dump
--

-- Dumped from database version 15.4
-- Dumped by pg_dump version 15.4

SET statement_timeout = 0;
SET lock_timeout = 0;
SET idle_in_transaction_session_timeout = 0;
SET client_encoding = 'UTF8';
SET standard_conforming_strings = on;
SELECT pg_catalog.set_config('search_path', '', false);
SET check_function_bodies = false;
SET xmloption = content;
SET client_min_messages = warning;
SET row_security = off;

SET default_tablespace = '';

SET default_table_access_method = heap;

--
-- Name: academic_degree; Type: TABLE; Schema: public; Owner: postgres
--

CREATE TABLE public.academic_degree (
    id bigint NOT NULL,
    education_place character varying(255),
    academic_degree character varying(255),
    diploma_number character varying(255),
    diploma_date date,
    iin_id bigint NOT NULL
);


ALTER TABLE public.academic_degree OWNER TO postgres;

--
-- Name: academic_degree_id_seq; Type: SEQUENCE; Schema: public; Owner: postgres
--

ALTER TABLE public.academic_degree ALTER COLUMN id ADD GENERATED BY DEFAULT AS IDENTITY (
    SEQUENCE NAME public.academic_degree_id_seq
    START WITH 1
    INCREMENT BY 1
    NO MINVALUE
    NO MAXVALUE
    CACHE 1
);


--
-- Name: attestation; Type: TABLE; Schema: public; Owner: postgres
--

CREATE TABLE public.attestation (
    id bigint NOT NULL,
    attestation_result character varying(255),
    last_attestation_date date,
    next_attestation_date date,
    iin_id bigint NOT NULL
);


ALTER TABLE public.attestation OWNER TO postgres;

--
-- Name: attestation_id_seq; Type: SEQUENCE; Schema: public; Owner: postgres
--

ALTER TABLE public.attestation ALTER COLUMN id ADD GENERATED BY DEFAULT AS IDENTITY (
    SEQUENCE NAME public.attestation_id_seq
    START WITH 1
    INCREMENT BY 1
    NO MINVALUE
    NO MAXVALUE
    CACHE 1
);


--
-- Name: auth_group; Type: TABLE; Schema: public; Owner: postgres
--

CREATE TABLE public.auth_group (
    id integer NOT NULL,
    name character varying(150) NOT NULL
);


ALTER TABLE public.auth_group OWNER TO postgres;

--
-- Name: auth_group_id_seq; Type: SEQUENCE; Schema: public; Owner: postgres
--

ALTER TABLE public.auth_group ALTER COLUMN id ADD GENERATED BY DEFAULT AS IDENTITY (
    SEQUENCE NAME public.auth_group_id_seq
    START WITH 1
    INCREMENT BY 1
    NO MINVALUE
    NO MAXVALUE
    CACHE 1
);


--
-- Name: auth_group_permissions; Type: TABLE; Schema: public; Owner: postgres
--

CREATE TABLE public.auth_group_permissions (
    id bigint NOT NULL,
    group_id integer NOT NULL,
    permission_id integer NOT NULL
);


ALTER TABLE public.auth_group_permissions OWNER TO postgres;

--
-- Name: auth_group_permissions_id_seq; Type: SEQUENCE; Schema: public; Owner: postgres
--

ALTER TABLE public.auth_group_permissions ALTER COLUMN id ADD GENERATED BY DEFAULT AS IDENTITY (
    SEQUENCE NAME public.auth_group_permissions_id_seq
    START WITH 1
    INCREMENT BY 1
    NO MINVALUE
    NO MAXVALUE
    CACHE 1
);


--
-- Name: auth_permission; Type: TABLE; Schema: public; Owner: postgres
--

CREATE TABLE public.auth_permission (
    id integer NOT NULL,
    name character varying(255) NOT NULL,
    content_type_id integer NOT NULL,
    codename character varying(100) NOT NULL
);


ALTER TABLE public.auth_permission OWNER TO postgres;

--
-- Name: auth_permission_id_seq; Type: SEQUENCE; Schema: public; Owner: postgres
--

ALTER TABLE public.auth_permission ALTER COLUMN id ADD GENERATED BY DEFAULT AS IDENTITY (
    SEQUENCE NAME public.auth_permission_id_seq
    START WITH 1
    INCREMENT BY 1
    NO MINVALUE
    NO MAXVALUE
    CACHE 1
);


--
-- Name: autobiography; Type: TABLE; Schema: public; Owner: postgres
--

CREATE TABLE public.autobiography (
    id bigint NOT NULL,
    autobiography character varying(255),
    iin_id bigint NOT NULL
);


ALTER TABLE public.autobiography OWNER TO postgres;

--
-- Name: autobiography_id_seq; Type: SEQUENCE; Schema: public; Owner: postgres
--

ALTER TABLE public.autobiography ALTER COLUMN id ADD GENERATED BY DEFAULT AS IDENTITY (
    SEQUENCE NAME public.autobiography_id_seq
    START WITH 1
    INCREMENT BY 1
    NO MINVALUE
    NO MAXVALUE
    CACHE 1
);


--
-- Name: awards; Type: TABLE; Schema: public; Owner: postgres
--

CREATE TABLE public.awards (
    id bigint NOT NULL,
    awards_type character varying(255),
    awards_doc_numb character varying(255),
    awards_date date,
    iin_id bigint NOT NULL
);


ALTER TABLE public.awards OWNER TO postgres;

--
-- Name: awards_id_seq; Type: SEQUENCE; Schema: public; Owner: postgres
--

ALTER TABLE public.awards ALTER COLUMN id ADD GENERATED BY DEFAULT AS IDENTITY (
    SEQUENCE NAME public.awards_id_seq
    START WITH 1
    INCREMENT BY 1
    NO MINVALUE
    NO MAXVALUE
    CACHE 1
);


--
-- Name: class_category; Type: TABLE; Schema: public; Owner: postgres
--

CREATE TABLE public.class_category (
    id bigint NOT NULL,
    category_type character varying(255),
    iin_id bigint NOT NULL
);


ALTER TABLE public.class_category OWNER TO postgres;

--
-- Name: class_category_id_seq; Type: SEQUENCE; Schema: public; Owner: postgres
--

ALTER TABLE public.class_category ALTER COLUMN id ADD GENERATED BY DEFAULT AS IDENTITY (
    SEQUENCE NAME public.class_category_id_seq
    START WITH 1
    INCREMENT BY 1
    NO MINVALUE
    NO MAXVALUE
    CACHE 1
);


--
-- Name: courses; Type: TABLE; Schema: public; Owner: postgres
--

CREATE TABLE public.courses (
    id bigint NOT NULL,
    course_type character varying(255),
    course_organization character varying(255),
    course_start_date date,
    course_end_date date,
    document_type character varying(255),
    course_name character varying(255),
    iin_id bigint NOT NULL
);


ALTER TABLE public.courses OWNER TO postgres;

--
-- Name: courses_id_seq; Type: SEQUENCE; Schema: public; Owner: postgres
--

ALTER TABLE public.courses ALTER COLUMN id ADD GENERATED BY DEFAULT AS IDENTITY (
    SEQUENCE NAME public.courses_id_seq
    START WITH 1
    INCREMENT BY 1
    NO MINVALUE
    NO MAXVALUE
    CACHE 1
);


--
-- Name: django_admin_log; Type: TABLE; Schema: public; Owner: postgres
--

CREATE TABLE public.django_admin_log (
    id integer NOT NULL,
    action_time timestamp with time zone NOT NULL,
    object_id text,
    object_repr character varying(200) NOT NULL,
    action_flag smallint NOT NULL,
    change_message text NOT NULL,
    content_type_id integer,
    user_id bigint NOT NULL,
    CONSTRAINT django_admin_log_action_flag_check CHECK ((action_flag >= 0))
);


ALTER TABLE public.django_admin_log OWNER TO postgres;

--
-- Name: django_admin_log_id_seq; Type: SEQUENCE; Schema: public; Owner: postgres
--

ALTER TABLE public.django_admin_log ALTER COLUMN id ADD GENERATED BY DEFAULT AS IDENTITY (
    SEQUENCE NAME public.django_admin_log_id_seq
    START WITH 1
    INCREMENT BY 1
    NO MINVALUE
    NO MAXVALUE
    CACHE 1
);


--
-- Name: django_content_type; Type: TABLE; Schema: public; Owner: postgres
--

CREATE TABLE public.django_content_type (
    id integer NOT NULL,
    app_label character varying(100) NOT NULL,
    model character varying(100) NOT NULL
);


ALTER TABLE public.django_content_type OWNER TO postgres;

--
-- Name: django_content_type_id_seq; Type: SEQUENCE; Schema: public; Owner: postgres
--

ALTER TABLE public.django_content_type ALTER COLUMN id ADD GENERATED BY DEFAULT AS IDENTITY (
    SEQUENCE NAME public.django_content_type_id_seq
    START WITH 1
    INCREMENT BY 1
    NO MINVALUE
    NO MAXVALUE
    CACHE 1
);


--
-- Name: django_migrations; Type: TABLE; Schema: public; Owner: postgres
--

CREATE TABLE public.django_migrations (
    id bigint NOT NULL,
    app character varying(255) NOT NULL,
    name character varying(255) NOT NULL,
    applied timestamp with time zone NOT NULL
);


ALTER TABLE public.django_migrations OWNER TO postgres;

--
-- Name: django_migrations_id_seq; Type: SEQUENCE; Schema: public; Owner: postgres
--

ALTER TABLE public.django_migrations ALTER COLUMN id ADD GENERATED BY DEFAULT AS IDENTITY (
    SEQUENCE NAME public.django_migrations_id_seq
    START WITH 1
    INCREMENT BY 1
    NO MINVALUE
    NO MAXVALUE
    CACHE 1
);


--
-- Name: django_session; Type: TABLE; Schema: public; Owner: postgres
--

CREATE TABLE public.django_session (
    session_key character varying(40) NOT NULL,
    session_data text NOT NULL,
    expire_date timestamp with time zone NOT NULL
);


ALTER TABLE public.django_session OWNER TO postgres;

--
-- Name: education; Type: TABLE; Schema: public; Owner: postgres
--

CREATE TABLE public.education (
    id bigint NOT NULL,
    education_type character varying(255),
    education_place character varying(255),
    education_date_in date,
    education_date_out date,
    education_speciality character varying(255),
    diploma_number character varying(255),
    iin_id bigint NOT NULL
);


ALTER TABLE public.education OWNER TO postgres;

--
-- Name: education_id_seq; Type: SEQUENCE; Schema: public; Owner: postgres
--

ALTER TABLE public.education ALTER COLUMN id ADD GENERATED BY DEFAULT AS IDENTITY (
    SEQUENCE NAME public.education_id_seq
    START WITH 1
    INCREMENT BY 1
    NO MINVALUE
    NO MAXVALUE
    CACHE 1
);


--
-- Name: family_composition; Type: TABLE; Schema: public; Owner: postgres
--

CREATE TABLE public.family_composition (
    id bigint NOT NULL,
    relative_type character varying(255),
    fio character varying(255),
    rel_iin character varying(255),
    birth_date date,
    job_place character varying(255),
    iin_id bigint NOT NULL
);


ALTER TABLE public.family_composition OWNER TO postgres;

--
-- Name: family_composition_id_seq; Type: SEQUENCE; Schema: public; Owner: postgres
--

ALTER TABLE public.family_composition ALTER COLUMN id ADD GENERATED BY DEFAULT AS IDENTITY (
    SEQUENCE NAME public.family_composition_id_seq
    START WITH 1
    INCREMENT BY 1
    NO MINVALUE
    NO MAXVALUE
    CACHE 1
);


--
-- Name: general_info; Type: TABLE; Schema: public; Owner: postgres
--

CREATE TABLE public.general_info (
    id bigint NOT NULL,
    iin character varying(255) NOT NULL,
    surname character varying(255),
    firstname character varying(255),
    patronymic character varying(255),
    gender character varying(255),
    birth_date date,
    birth_country character varying(255),
    birth_city character varying(255),
    birth_region character varying(255),
    nationality character varying(255),
    id_numbers character varying(255),
    id_from character varying(255),
    phone_number character varying(255),
    resid_country character varying(255),
    resid_city character varying(255),
    resid_region character varying(255),
    pin character varying(255),
    id_date date,
    group_id bigint
);


ALTER TABLE public.general_info OWNER TO postgres;

--
-- Name: general_info_id_seq; Type: SEQUENCE; Schema: public; Owner: postgres
--

ALTER TABLE public.general_info ALTER COLUMN id ADD GENERATED BY DEFAULT AS IDENTITY (
    SEQUENCE NAME public.general_info_id_seq
    START WITH 1
    INCREMENT BY 1
    NO MINVALUE
    NO MAXVALUE
    CACHE 1
);


--
-- Name: group; Type: TABLE; Schema: public; Owner: postgres
--

CREATE TABLE public."group" (
    id bigint NOT NULL,
    group_name character varying(255)
);


ALTER TABLE public."group" OWNER TO postgres;

--
-- Name: group_id_seq; Type: SEQUENCE; Schema: public; Owner: postgres
--

ALTER TABLE public."group" ALTER COLUMN id ADD GENERATED BY DEFAULT AS IDENTITY (
    SEQUENCE NAME public.group_id_seq
    START WITH 1
    INCREMENT BY 1
    NO MINVALUE
    NO MAXVALUE
    CACHE 1
);


--
-- Name: investigation_retrieval; Type: TABLE; Schema: public; Owner: postgres
--

CREATE TABLE public.investigation_retrieval (
    id bigint NOT NULL,
    order_type character varying(255),
    order_doc_numb character varying(255),
    order_date date,
    iin_id bigint NOT NULL
);


ALTER TABLE public.investigation_retrieval OWNER TO postgres;

--
-- Name: investigation_retrieval_id_seq; Type: SEQUENCE; Schema: public; Owner: postgres
--

ALTER TABLE public.investigation_retrieval ALTER COLUMN id ADD GENERATED BY DEFAULT AS IDENTITY (
    SEQUENCE NAME public.investigation_retrieval_id_seq
    START WITH 1
    INCREMENT BY 1
    NO MINVALUE
    NO MAXVALUE
    CACHE 1
);


--
-- Name: military_rank; Type: TABLE; Schema: public; Owner: postgres
--

CREATE TABLE public.military_rank (
    id bigint NOT NULL,
    military_rank character varying(255),
    received_date date,
    type_of_receipt character varying(255),
    "position" character varying(255),
    iin_id bigint NOT NULL
);


ALTER TABLE public.military_rank OWNER TO postgres;

--
-- Name: military_rank_id_seq; Type: SEQUENCE; Schema: public; Owner: postgres
--

ALTER TABLE public.military_rank ALTER COLUMN id ADD GENERATED BY DEFAULT AS IDENTITY (
    SEQUENCE NAME public.military_rank_id_seq
    START WITH 1
    INCREMENT BY 1
    NO MINVALUE
    NO MAXVALUE
    CACHE 1
);


--
-- Name: orders_list; Type: TABLE; Schema: public; Owner: postgres
--

CREATE TABLE public.orders_list (
    id bigint NOT NULL,
    order_type character varying(255),
    order_date date,
    types_of_order_types character varying(255),
    iin_id bigint NOT NULL
);


ALTER TABLE public.orders_list OWNER TO postgres;

--
-- Name: orders_list_id_seq; Type: SEQUENCE; Schema: public; Owner: postgres
--

ALTER TABLE public.orders_list ALTER COLUMN id ADD GENERATED BY DEFAULT AS IDENTITY (
    SEQUENCE NAME public.orders_list_id_seq
    START WITH 1
    INCREMENT BY 1
    NO MINVALUE
    NO MAXVALUE
    CACHE 1
);


--
-- Name: owning_languages; Type: TABLE; Schema: public; Owner: postgres
--

CREATE TABLE public.owning_languages (
    id bigint NOT NULL,
    language_name character varying(255),
    owning_lvl character varying(255),
    iin_id bigint NOT NULL
);


ALTER TABLE public.owning_languages OWNER TO postgres;

--
-- Name: owning_languages_id_seq; Type: SEQUENCE; Schema: public; Owner: postgres
--

ALTER TABLE public.owning_languages ALTER COLUMN id ADD GENERATED BY DEFAULT AS IDENTITY (
    SEQUENCE NAME public.owning_languages_id_seq
    START WITH 1
    INCREMENT BY 1
    NO MINVALUE
    NO MAXVALUE
    CACHE 1
);


--
-- Name: personal_data; Type: TABLE; Schema: public; Owner: postgres
--

CREATE TABLE public.personal_data (
    id bigint NOT NULL,
    family_status character varying(255),
    departament character varying(255),
    jposition character varying(255),
    city character varying(255),
    iin_id bigint NOT NULL
);


ALTER TABLE public.personal_data OWNER TO postgres;

--
-- Name: personal_data_id_seq; Type: SEQUENCE; Schema: public; Owner: postgres
--

ALTER TABLE public.personal_data ALTER COLUMN id ADD GENERATED BY DEFAULT AS IDENTITY (
    SEQUENCE NAME public.personal_data_id_seq
    START WITH 1
    INCREMENT BY 1
    NO MINVALUE
    NO MAXVALUE
    CACHE 1
);


--
-- Name: photo; Type: TABLE; Schema: public; Owner: postgres
--

CREATE TABLE public.photo (
    id bigint NOT NULL,
    photo text,
    iin_id bigint NOT NULL
);


ALTER TABLE public.photo OWNER TO postgres;

--
-- Name: photo_id_seq; Type: SEQUENCE; Schema: public; Owner: postgres
--

ALTER TABLE public.photo ALTER COLUMN id ADD GENERATED BY DEFAULT AS IDENTITY (
    SEQUENCE NAME public.photo_id_seq
    START WITH 1
    INCREMENT BY 1
    NO MINVALUE
    NO MAXVALUE
    CACHE 1
);


--
-- Name: sick_leaves; Type: TABLE; Schema: public; Owner: postgres
--

CREATE TABLE public.sick_leaves (
    id bigint NOT NULL,
    sick_doc_numb character varying(255),
    sick_doc_date date,
    iin_id bigint NOT NULL
);


ALTER TABLE public.sick_leaves OWNER TO postgres;

--
-- Name: sick_leaves_id_seq; Type: SEQUENCE; Schema: public; Owner: postgres
--

ALTER TABLE public.sick_leaves ALTER COLUMN id ADD GENERATED BY DEFAULT AS IDENTITY (
    SEQUENCE NAME public.sick_leaves_id_seq
    START WITH 1
    INCREMENT BY 1
    NO MINVALUE
    NO MAXVALUE
    CACHE 1
);


--
-- Name: spec_check; Type: TABLE; Schema: public; Owner: postgres
--

CREATE TABLE public.spec_check (
    id bigint NOT NULL,
    doc_number character varying(255),
    doc_date date,
    iin_id bigint NOT NULL
);


ALTER TABLE public.spec_check OWNER TO postgres;

--
-- Name: spec_check_id_seq; Type: SEQUENCE; Schema: public; Owner: postgres
--

ALTER TABLE public.spec_check ALTER COLUMN id ADD GENERATED BY DEFAULT AS IDENTITY (
    SEQUENCE NAME public.spec_check_id_seq
    START WITH 1
    INCREMENT BY 1
    NO MINVALUE
    NO MAXVALUE
    CACHE 1
);


--
-- Name: sport_results; Type: TABLE; Schema: public; Owner: postgres
--

CREATE TABLE public.sport_results (
    id bigint NOT NULL,
    sport_type character varying(255),
    owning_lvl character varying(255),
    iin_id bigint NOT NULL
);


ALTER TABLE public.sport_results OWNER TO postgres;

--
-- Name: sport_results_id_seq; Type: SEQUENCE; Schema: public; Owner: postgres
--

ALTER TABLE public.sport_results ALTER COLUMN id ADD GENERATED BY DEFAULT AS IDENTITY (
    SEQUENCE NAME public.sport_results_id_seq
    START WITH 1
    INCREMENT BY 1
    NO MINVALUE
    NO MAXVALUE
    CACHE 1
);


--
-- Name: user_user; Type: TABLE; Schema: public; Owner: postgres
--

CREATE TABLE public.user_user (
    id bigint NOT NULL,
    password character varying(128) NOT NULL,
    last_login timestamp with time zone,
    is_superuser boolean NOT NULL,
    email character varying(254) NOT NULL,
    first_name character varying(30) NOT NULL,
    last_name character varying(30) NOT NULL,
    is_active boolean NOT NULL,
    is_staff boolean NOT NULL
);


ALTER TABLE public.user_user OWNER TO postgres;

--
-- Name: user_user_groups; Type: TABLE; Schema: public; Owner: postgres
--

CREATE TABLE public.user_user_groups (
    id bigint NOT NULL,
    user_id bigint NOT NULL,
    group_id integer NOT NULL
);


ALTER TABLE public.user_user_groups OWNER TO postgres;

--
-- Name: user_user_groups_id_seq; Type: SEQUENCE; Schema: public; Owner: postgres
--

ALTER TABLE public.user_user_groups ALTER COLUMN id ADD GENERATED BY DEFAULT AS IDENTITY (
    SEQUENCE NAME public.user_user_groups_id_seq
    START WITH 1
    INCREMENT BY 1
    NO MINVALUE
    NO MAXVALUE
    CACHE 1
);


--
-- Name: user_user_id_seq; Type: SEQUENCE; Schema: public; Owner: postgres
--

ALTER TABLE public.user_user ALTER COLUMN id ADD GENERATED BY DEFAULT AS IDENTITY (
    SEQUENCE NAME public.user_user_id_seq
    START WITH 1
    INCREMENT BY 1
    NO MINVALUE
    NO MAXVALUE
    CACHE 1
);


--
-- Name: user_user_user_permissions; Type: TABLE; Schema: public; Owner: postgres
--

CREATE TABLE public.user_user_user_permissions (
    id bigint NOT NULL,
    user_id bigint NOT NULL,
    permission_id integer NOT NULL
);


ALTER TABLE public.user_user_user_permissions OWNER TO postgres;

--
-- Name: user_user_user_permissions_id_seq; Type: SEQUENCE; Schema: public; Owner: postgres
--

ALTER TABLE public.user_user_user_permissions ALTER COLUMN id ADD GENERATED BY DEFAULT AS IDENTITY (
    SEQUENCE NAME public.user_user_user_permissions_id_seq
    START WITH 1
    INCREMENT BY 1
    NO MINVALUE
    NO MAXVALUE
    CACHE 1
);


--
-- Name: working_history; Type: TABLE; Schema: public; Owner: postgres
--

CREATE TABLE public.working_history (
    id bigint NOT NULL,
    working_start date,
    working_end date,
    departament character varying(255),
    jposition character varying(255),
    orfanization_name character varying(255),
    organization_addres character varying(255),
    iin_id bigint NOT NULL
);


ALTER TABLE public.working_history OWNER TO postgres;

--
-- Name: working_history_id_seq; Type: SEQUENCE; Schema: public; Owner: postgres
--

ALTER TABLE public.working_history ALTER COLUMN id ADD GENERATED BY DEFAULT AS IDENTITY (
    SEQUENCE NAME public.working_history_id_seq
    START WITH 1
    INCREMENT BY 1
    NO MINVALUE
    NO MAXVALUE
    CACHE 1
);


--
-- Data for Name: academic_degree; Type: TABLE DATA; Schema: public; Owner: postgres
--

COPY public.academic_degree (id, education_place, academic_degree, diploma_number, diploma_date, iin_id) FROM stdin;
\.


--
-- Data for Name: attestation; Type: TABLE DATA; Schema: public; Owner: postgres
--

COPY public.attestation (id, attestation_result, last_attestation_date, next_attestation_date, iin_id) FROM stdin;
\.


--
-- Data for Name: auth_group; Type: TABLE DATA; Schema: public; Owner: postgres
--

COPY public.auth_group (id, name) FROM stdin;
\.


--
-- Data for Name: auth_group_permissions; Type: TABLE DATA; Schema: public; Owner: postgres
--

COPY public.auth_group_permissions (id, group_id, permission_id) FROM stdin;
\.


--
-- Data for Name: auth_permission; Type: TABLE DATA; Schema: public; Owner: postgres
--

COPY public.auth_permission (id, name, content_type_id, codename) FROM stdin;
1	Can add log entry	1	add_logentry
2	Can change log entry	1	change_logentry
3	Can delete log entry	1	delete_logentry
4	Can view log entry	1	view_logentry
5	Can add permission	2	add_permission
6	Can change permission	2	change_permission
7	Can delete permission	2	delete_permission
8	Can view permission	2	view_permission
9	Can add group	3	add_group
10	Can change group	3	change_group
11	Can delete group	3	delete_group
12	Can view group	3	view_group
13	Can add content type	4	add_contenttype
14	Can change content type	4	change_contenttype
15	Can delete content type	4	delete_contenttype
16	Can view content type	4	view_contenttype
17	Can add session	5	add_session
18	Can change session	5	change_session
19	Can delete session	5	delete_session
20	Can view session	5	view_session
21	Can add sport results	6	add_sportresults
22	Can change sport results	6	change_sportresults
23	Can delete sport results	6	delete_sportresults
24	Can view sport results	6	view_sportresults
25	Can add personal data	7	add_personaldata
26	Can change personal data	7	change_personaldata
27	Can delete personal data	7	delete_personaldata
28	Can view personal data	7	view_personaldata
29	Can add working history	8	add_workinghistory
30	Can change working history	8	change_workinghistory
31	Can delete working history	8	delete_workinghistory
32	Can view working history	8	view_workinghistory
33	Can add general info	9	add_generalinfo
34	Can change general info	9	change_generalinfo
35	Can delete general info	9	delete_generalinfo
36	Can view general info	9	view_generalinfo
37	Can add owning languages	10	add_owninglanguages
38	Can change owning languages	10	change_owninglanguages
39	Can delete owning languages	10	delete_owninglanguages
40	Can view owning languages	10	view_owninglanguages
41	Can add family composition	11	add_familycomposition
42	Can change family composition	11	change_familycomposition
43	Can delete family composition	11	delete_familycomposition
44	Can view family composition	11	view_familycomposition
45	Can add education	12	add_education
46	Can change education	12	change_education
47	Can delete education	12	delete_education
48	Can view education	12	view_education
49	Can add user	13	add_user
50	Can change user	13	change_user
51	Can delete user	13	delete_user
52	Can view user	13	view_user
53	Can add academic degree	14	add_academicdegree
54	Can change academic degree	14	change_academicdegree
55	Can delete academic degree	14	delete_academicdegree
56	Can view academic degree	14	view_academicdegree
57	Can add courses	15	add_courses
58	Can change courses	15	change_courses
59	Can delete courses	15	delete_courses
60	Can view courses	15	view_courses
61	Can add attestation	16	add_attestation
62	Can change attestation	16	change_attestation
63	Can delete attestation	16	delete_attestation
64	Can view attestation	16	view_attestation
65	Can add autobiography	17	add_autobiography
66	Can change autobiography	17	change_autobiography
67	Can delete autobiography	17	delete_autobiography
68	Can view autobiography	17	view_autobiography
69	Can add awards	18	add_awards
70	Can change awards	18	change_awards
71	Can delete awards	18	delete_awards
72	Can view awards	18	view_awards
73	Can add class category	19	add_classcategory
74	Can change class category	19	change_classcategory
75	Can delete class category	19	delete_classcategory
76	Can view class category	19	view_classcategory
77	Can add investigation retrieval	20	add_investigationretrieval
78	Can change investigation retrieval	20	change_investigationretrieval
79	Can delete investigation retrieval	20	delete_investigationretrieval
80	Can view investigation retrieval	20	view_investigationretrieval
81	Can add orders list	21	add_orderslist
82	Can change orders list	21	change_orderslist
83	Can delete orders list	21	delete_orderslist
84	Can view orders list	21	view_orderslist
85	Can add sick leaves	22	add_sickleaves
86	Can change sick leaves	22	change_sickleaves
87	Can delete sick leaves	22	delete_sickleaves
88	Can view sick leaves	22	view_sickleaves
89	Can add spec check	23	add_speccheck
90	Can change spec check	23	change_speccheck
91	Can delete spec check	23	delete_speccheck
92	Can view spec check	23	view_speccheck
93	Can add photo	24	add_photo
94	Can change photo	24	change_photo
95	Can delete photo	24	delete_photo
96	Can view photo	24	view_photo
97	Can add military rank	25	add_militaryrank
98	Can change military rank	25	change_militaryrank
99	Can delete military rank	25	delete_militaryrank
100	Can view military rank	25	view_militaryrank
101	Can add group	26	add_group
102	Can change group	26	change_group
103	Can delete group	26	delete_group
104	Can view group	26	view_group
\.


--
-- Data for Name: autobiography; Type: TABLE DATA; Schema: public; Owner: postgres
--

COPY public.autobiography (id, autobiography, iin_id) FROM stdin;
\.


--
-- Data for Name: awards; Type: TABLE DATA; Schema: public; Owner: postgres
--

COPY public.awards (id, awards_type, awards_doc_numb, awards_date, iin_id) FROM stdin;
\.


--
-- Data for Name: class_category; Type: TABLE DATA; Schema: public; Owner: postgres
--

COPY public.class_category (id, category_type, iin_id) FROM stdin;
\.


--
-- Data for Name: courses; Type: TABLE DATA; Schema: public; Owner: postgres
--

COPY public.courses (id, course_type, course_organization, course_start_date, course_end_date, document_type, course_name, iin_id) FROM stdin;
\.


--
-- Data for Name: django_admin_log; Type: TABLE DATA; Schema: public; Owner: postgres
--

COPY public.django_admin_log (id, action_time, object_id, object_repr, action_flag, change_message, content_type_id, user_id) FROM stdin;
1	2023-08-21 16:54:14.022859+06	1	030409550850_Атырау	1	[{"added": {}}]	9	1
2	2023-08-21 16:54:59.889838+06	1	030409550850_Атырау_Командир	1	[{"added": {}}]	25	1
3	2023-08-21 16:55:42.026694+06	1	030409550850_Атырау	3		9	1
4	2023-08-21 16:59:03.303561+06	2	030409550850_Атырау	1	[{"added": {}}]	9	1
5	2023-08-21 17:00:43.95725+06	1	030409550850_Атырау_asasdfljasdlk;fjaslfkas	1	[{"added": {}}]	24	1
6	2023-08-21 17:01:12.473062+06	2	030409550850_Атырау_SHyngys	1	[{"added": {}}]	24	1
7	2023-08-22 15:42:17.427987+06	4	030409550850_Атырау_Raw content	3		24	1
8	2023-08-22 15:42:17.434978+06	2	030409550850_Атырау_Shyngys	3		24	1
9	2023-08-22 15:42:17.437005+06	1	030409550850_Атырау_asasdfljasdlk;fjaslfkas	3		24	1
10	2023-08-23 10:27:22.721102+06	3	030409550850_Атырау_photos/Tom_Holland_by_Gage_Skidmore.jpg	2	[{"changed": {"fields": ["Photo"]}}]	24	1
11	2023-08-23 10:31:44.500562+06	3	030409550850_Атырау_photos/image_2021-10-01_20-32-44.png	2	[{"changed": {"fields": ["Photo"]}}]	24	1
12	2023-08-23 10:57:54.135381+06	3	030409550850_Атырау_photos/image_2021-10-01_20-32-44.png	3		24	1
13	2023-08-23 11:10:57.513248+06	5	030409550850_Атырау_photos/1648990869382.jpeg	1	[{"added": {}}]	24	1
14	2023-08-23 11:17:54.144024+06	6	030409550850_Атырау_photos/Arnold_Schwarzenegger_by_Gage_Skidmore_4.jpg	1	[{"added": {}}]	24	1
15	2023-08-23 11:18:20.533062+06	6	030409550850_Атырау_photos/Quentin_Tarantino_by_Gage_Skidmore.jpg	2	[{"changed": {"fields": ["Photo"]}}]	24	1
16	2023-08-23 11:24:39.374052+06	2	030409550850_Атырау	3		9	1
17	2023-08-23 11:25:33.410212+06	3	5098904850948_Атырау	3		9	1
18	2023-08-23 11:42:06.101273+06	11	030409550850_Атырау_photos/jackie-chan_XhKtJr6.jpeg	3		24	1
19	2023-08-23 11:42:06.104627+06	10	030409550850_Атырау_photos/Tom_Holland_by_Gage_Skidmore_KKBAsAD.jpg	3		24	1
20	2023-08-23 12:03:39.3662+06	15	030409550850_Атырау_photos/Quentin_Tarantino_by_Gage_Skidmore.jpg	2	[{"changed": {"fields": ["Photo"]}}]	24	1
21	2023-08-23 16:58:52.969142+06	1	2023-08-23_2023-08-23	1	[{"added": {}}]	8	1
22	2023-08-24 23:03:59.600813+06	1	030409550850_Атырау_Jenifer Lopez_Mother_12123123123	1	[{"added": {}}]	11	1
23	2023-08-24 23:17:12.484988+06	1	030409550850_Атырау_Married	1	[{"added": {}}]	7	1
24	2023-08-24 23:19:18.30976+06	1	030409550850_Атырау_Married	3		7	1
25	2023-08-25 12:21:01.634411+06	1	030409550850_Атырау_BSc	1	[{"added": {}}]	14	1
26	2023-08-25 12:22:34.553847+06	1	030409550850_Атырау_BSc	3		14	1
27	2023-08-25 12:22:43.290921+06	2	020922550560_Астана_BSc	1	[{"added": {}}]	14	1
28	2023-08-25 12:50:18.249291+06	1	030409550850_Атырау_23423423432	1	[{"added": {}}]	23	1
29	2023-08-25 12:50:24.124832+06	2	030409550850_Атырау_456456456	1	[{"added": {}}]	23	1
30	2023-08-25 12:50:31.215628+06	3	020922550560_Астана_234234234234234	1	[{"added": {}}]	23	1
31	2023-08-25 12:50:47.368336+06	1	030409550850_Атырау_good	1	[{"added": {}}]	16	1
32	2023-08-25 12:50:57.361572+06	2	030409550850_Атырау_excellent	1	[{"added": {}}]	16	1
33	2023-08-25 12:52:25.188878+06	1	030409550850_Атырау_Some_Type	1	[{"added": {}}]	18	1
34	2023-08-25 12:52:33.127204+06	2	030409550850_Атырау_HZ	1	[{"added": {}}]	18	1
35	2023-08-25 12:52:47.062607+06	1	030409550850_Атырау_huyu	1	[{"added": {}}]	20	1
36	2023-08-25 12:52:53.475163+06	2	030409550850_Атырау_hzz	1	[{"added": {}}]	20	1
37	2023-08-25 12:53:18.364935+06	1	030409550850_Атырау_HuYu	1	[{"added": {}}]	19	1
38	2023-08-25 12:53:23.89177+06	2	030409550850_Атырау_HZZ	1	[{"added": {}}]	19	1
39	2023-08-25 12:53:44.903152+06	1	030409550850_Атырау_20 y.old swe from San Francisco	1	[{"added": {}}]	17	1
40	2023-08-25 12:56:10.583675+06	1	030409550850_Атырау_2023-08-25	1	[{"added": {}}]	22	1
41	2023-08-25 12:56:17.73951+06	2	030409550850_Атырау_2023-08-25	1	[{"added": {}}]	22	1
42	2023-08-25 13:27:42.404306+06	3	020922550560_Астана_234234234234234	3		23	1
43	2023-08-25 13:27:58.320356+06	3	020922550560_Астана_Dean's List	3		18	1
44	2023-08-25 13:28:18.0908+06	2	020922550560_Астана_Kuka Kuka.	3		17	1
45	2023-08-29 16:00:15.09663+06	7	xxxxxxxxxxxxx_Астана	3		9	1
46	2023-08-29 16:25:00.299425+06	8	xxxxxxxxxxxxx_Астана	3		9	1
47	2023-08-29 17:52:11.019869+06	10	xxxxxxxxxxxxx_Астана	3		9	1
48	2023-08-29 17:52:11.02711+06	9	xxxxxxxxxxxxx_Астана	3		9	1
49	2023-08-29 17:54:51.881237+06	11	xxxxxxxxxxxxx_Астана	3		9	1
50	2023-08-29 17:56:09.436509+06	12	xxxxxxxxxxxxx_Астана	3		9	1
51	2023-08-31 12:13:05.635962+06	8	GEOL department	3		26	1
52	2023-08-31 12:13:05.643109+06	7	HST department	3		26	1
53	2023-08-31 12:13:05.644133+06	6	WCS department	3		26	1
54	2023-08-31 12:13:05.644999+06	5	CSCI department	3		26	1
55	2023-08-31 12:13:05.64644+06	4	HR department	3		26	1
56	2023-08-31 12:13:05.653444+06	3	IT department	3		26	1
57	2023-08-31 12:13:05.65448+06	2	IT department	3		26	1
58	2023-08-31 12:13:05.655273+06	1	IT department	3		26	1
59	2023-09-01 12:50:23.776122+06	13	xxxxxxxxxxxxx_Астана	3		9	1
60	2023-09-01 13:58:14.849982+06	4	020922550560_Астана_Женат	1	[{"added": {}}]	7	1
61	2023-09-01 14:06:33.927949+06	6	020922550560_Астана_Касымбаев Марат_Мать/Отец_770412987654	1	[{"added": {}}]	11	1
62	2023-09-01 15:03:27.194589+06	7	020922550560_Астана_Касымбаева Назым_сын/дочь_463637242423	1	[{"added": {}}]	11	1
63	2023-09-01 16:14:37.105199+06	9	020922550560_Астана_SOmeone SOmething_сын/дочь_12312312312	3		11	1
64	2023-09-01 16:21:14.790334+06	10	020922550560_Астана_Mother_мать/отец_12312312	3		11	1
65	2023-09-01 16:21:14.797456+06	8	020922550560_Астана_SOmeone SOmeone_Son_12312312312321	3		11	1
66	2023-09-01 16:21:37.68031+06	12	020922550560_Астана_son_сын/дочь_2323	3		11	1
67	2023-09-01 16:21:37.686076+06	11	020922550560_Астана_Suprug_супруг/супруга_123123123	3		11	1
68	2023-09-01 16:32:34.61196+06	17	020922550560_Астана_3333_супруг/супруга_333	3		11	1
69	2023-09-01 16:32:34.618561+06	16	020922550560_Астана_4_сын/дочь_4	3		11	1
70	2023-09-01 16:32:34.620016+06	15	020922550560_Астана_3_мать/отец_3	3		11	1
71	2023-09-01 16:32:34.620858+06	14	020922550560_Астана_2_мать/отец_2	3		11	1
72	2023-09-01 16:32:34.621678+06	13	020922550560_Астана_jkhkjh_сын/дочь_54547	3		11	1
73	2023-09-01 16:35:16.636747+06	20	020922550560_Астана_adfsfgfdg_мать/отец_46765756	3		11	1
74	2023-09-01 16:35:16.643089+06	19	020922550560_Астана_dfgdfsgsfdg_сын/дочь_124534543	3		11	1
75	2023-09-01 16:35:16.646241+06	18	020922550560_Астана_asdsdfsd_супруг/супруга_123123	3		11	1
76	2023-09-01 16:41:00.600637+06	23	020922550560_Астана_4_мать/отец_4	3		11	1
77	2023-09-01 16:41:00.611074+06	22	020922550560_Астана_3_мать/отец_3	3		11	1
78	2023-09-01 16:41:00.614348+06	21	020922550560_Астана_2_сын/дочь_2	3		11	1
79	2023-09-01 16:50:39.965954+06	27	020922550560_Астана_5_сын/дочь_5	3		11	1
80	2023-09-01 16:50:39.971433+06	26	020922550560_Астана_4_супруг/супруга_4	3		11	1
81	2023-09-01 16:50:39.972395+06	25	020922550560_Астана_3_сын/дочь_3	3		11	1
82	2023-09-01 16:50:39.973079+06	24	020922550560_Астана_2_супруг/супруга_2	3		11	1
\.


--
-- Data for Name: django_content_type; Type: TABLE DATA; Schema: public; Owner: postgres
--

COPY public.django_content_type (id, app_label, model) FROM stdin;
1	admin	logentry
2	auth	permission
3	auth	group
4	contenttypes	contenttype
5	sessions	session
6	sport_results	sportresults
7	personal_data	personaldata
8	working_history	workinghistory
9	general_info	generalinfo
10	owning_languages	owninglanguages
11	family_composition	familycomposition
12	education	education
13	user	user
14	academic_degree	academicdegree
15	courses	courses
16	attestation	attestation
17	autobiography	autobiography
18	awards	awards
19	class_category	classcategory
20	investigation_retrieval	investigationretrieval
21	orders_list	orderslist
22	sick_leaves	sickleaves
23	spec_check	speccheck
24	photo	photo
25	military_rank	militaryrank
26	group	group
\.


--
-- Data for Name: django_migrations; Type: TABLE DATA; Schema: public; Owner: postgres
--

COPY public.django_migrations (id, app, name, applied) FROM stdin;
1	general_info	0001_initial	2023-08-21 16:48:02.8032+06
2	academic_degree	0001_initial	2023-08-21 16:48:02.815154+06
3	contenttypes	0001_initial	2023-08-21 16:48:02.8192+06
4	contenttypes	0002_remove_content_type_name	2023-08-21 16:48:02.82482+06
5	auth	0001_initial	2023-08-21 16:48:02.849195+06
6	auth	0002_alter_permission_name_max_length	2023-08-21 16:48:02.852818+06
7	auth	0003_alter_user_email_max_length	2023-08-21 16:48:02.85672+06
8	auth	0004_alter_user_username_opts	2023-08-21 16:48:02.86068+06
9	auth	0005_alter_user_last_login_null	2023-08-21 16:48:02.864408+06
10	auth	0006_require_contenttypes_0002	2023-08-21 16:48:02.865391+06
11	auth	0007_alter_validators_add_error_messages	2023-08-21 16:48:02.87073+06
12	auth	0008_alter_user_username_max_length	2023-08-21 16:48:02.882491+06
13	auth	0009_alter_user_last_name_max_length	2023-08-21 16:48:02.887816+06
14	auth	0010_alter_group_name_max_length	2023-08-21 16:48:02.896432+06
15	auth	0011_update_proxy_permissions	2023-08-21 16:48:02.902305+06
16	auth	0012_alter_user_first_name_max_length	2023-08-21 16:48:02.908065+06
17	user	0001_initial	2023-08-21 16:48:02.933975+06
18	admin	0001_initial	2023-08-21 16:48:02.943461+06
19	admin	0002_logentry_remove_auto_add	2023-08-21 16:48:02.948583+06
20	admin	0003_logentry_add_action_flag_choices	2023-08-21 16:48:02.956325+06
21	attestation	0001_initial	2023-08-21 16:48:02.968598+06
22	autobiography	0001_initial	2023-08-21 16:48:02.99551+06
23	awards	0001_initial	2023-08-21 16:48:03.002634+06
24	class_category	0001_initial	2023-08-21 16:48:03.011664+06
25	courses	0001_initial	2023-08-21 16:48:03.018752+06
26	education	0001_initial	2023-08-21 16:48:03.029996+06
27	family_composition	0001_initial	2023-08-21 16:48:03.039323+06
28	investigation_retrieval	0001_initial	2023-08-21 16:48:03.050475+06
29	orders_list	0001_initial	2023-08-21 16:48:03.064242+06
30	owning_languages	0001_initial	2023-08-21 16:48:03.077035+06
31	personal_data	0001_initial	2023-08-21 16:48:03.090427+06
32	photo	0001_initial	2023-08-21 16:48:03.104375+06
33	sessions	0001_initial	2023-08-21 16:48:03.112621+06
34	sick_leaves	0001_initial	2023-08-21 16:48:03.1249+06
35	spec_check	0001_initial	2023-08-21 16:48:03.140371+06
36	sport_results	0001_initial	2023-08-21 16:48:03.174127+06
37	working_history	0001_initial	2023-08-21 16:48:03.18978+06
38	military_rank	0001_initial	2023-08-21 16:50:48.216515+06
39	academic_degree	0002_alter_academicdegree_iin	2023-08-31 11:32:16.635527+06
40	autobiography	0002_alter_autobiography_iin	2023-08-31 11:32:16.651572+06
41	group	0001_initial	2023-08-31 11:32:16.66932+06
42	general_info	0002_generalinfo_group	2023-08-31 11:32:16.68961+06
43	general_info	0003_alter_generalinfo_group	2023-09-03 22:05:27.0194+06
\.


--
-- Data for Name: django_session; Type: TABLE DATA; Schema: public; Owner: postgres
--

COPY public.django_session (session_key, session_data, expire_date) FROM stdin;
s656gv1avv2yslhjwnjuifhqanujdde6	.eJxVjDsOwjAQBe_iGln-xVlT0nMGa9de4wBypDipEHeHSCmgfTPzXiLitta4dV7ilMVZaHH63QjTg9sO8h3bbZZpbusykdwVedAur3Pm5-Vw_w4q9vqt0ZnsC8BIzqvkgsqWLeGgmHRC4qKZARECqTI649lC0aANBM2DtUa8P_f3N_4:1qY2Vz:BJZDu0agYdxS84O_4EP2jop76MP7bAraHjiYVrLAzoY	2023-09-04 16:52:07.739126+06
\.


--
-- Data for Name: education; Type: TABLE DATA; Schema: public; Owner: postgres
--

COPY public.education (id, education_type, education_place, education_date_in, education_date_out, education_speciality, diploma_number, iin_id) FROM stdin;
\.


--
-- Data for Name: family_composition; Type: TABLE DATA; Schema: public; Owner: postgres
--

COPY public.family_composition (id, relative_type, fio, rel_iin, birth_date, job_place, iin_id) FROM stdin;
6	Мать/Отец	Касымбаев Марат	770412987654	2023-10-12	Директор	15
7	сын/дочь	Касымбаева Назым	463637242423	2023-09-11	-	15
28	сын/дочь	Касымбаева Нурлан	2834234234234	2016-10-01	-	15
29	супруг/супруга	Касымбаева Батыр	45345353	2020-03-04	-	15
\.


--
-- Data for Name: general_info; Type: TABLE DATA; Schema: public; Owner: postgres
--

COPY public.general_info (id, iin, surname, firstname, patronymic, gender, birth_date, birth_country, birth_city, birth_region, nationality, id_numbers, id_from, phone_number, resid_country, resid_city, resid_region, pin, id_date, group_id) FROM stdin;
14	030409550850	Саткан	Шынгыс	Менсейтулы	M	2003-04-09	Казахстан	Атырау	Астана	казах	541223456	МВД РК	87759346820	Казахстан	Атырау	Астана	123	2019-04-19	10
15	020922550560	Касымбаев	Куаныш	Куанышулы	M	2002-04-10	Казахстан	Астана	Астана	казах	541223456	МВД РК	8777777777	Казахстан	Астана	Астана	1234	2019-04-20	10
\.


--
-- Data for Name: group; Type: TABLE DATA; Schema: public; Owner: postgres
--

COPY public."group" (id, group_name) FROM stdin;
9	IT department
10	HR department
\.


--
-- Data for Name: investigation_retrieval; Type: TABLE DATA; Schema: public; Owner: postgres
--

COPY public.investigation_retrieval (id, order_type, order_doc_numb, order_date, iin_id) FROM stdin;
\.


--
-- Data for Name: military_rank; Type: TABLE DATA; Schema: public; Owner: postgres
--

COPY public.military_rank (id, military_rank, received_date, type_of_receipt, "position", iin_id) FROM stdin;
\.


--
-- Data for Name: orders_list; Type: TABLE DATA; Schema: public; Owner: postgres
--

COPY public.orders_list (id, order_type, order_date, types_of_order_types, iin_id) FROM stdin;
\.


--
-- Data for Name: owning_languages; Type: TABLE DATA; Schema: public; Owner: postgres
--

COPY public.owning_languages (id, language_name, owning_lvl, iin_id) FROM stdin;
\.


--
-- Data for Name: personal_data; Type: TABLE DATA; Schema: public; Owner: postgres
--

COPY public.personal_data (id, family_status, departament, jposition, city, iin_id) FROM stdin;
4	Женат	ДЦ	Эксперт	\N	15
\.


--
-- Data for Name: photo; Type: TABLE DATA; Schema: public; Owner: postgres
--

COPY public.photo (id, photo, iin_id) FROM stdin;
\.


--
-- Data for Name: sick_leaves; Type: TABLE DATA; Schema: public; Owner: postgres
--

COPY public.sick_leaves (id, sick_doc_numb, sick_doc_date, iin_id) FROM stdin;
\.


--
-- Data for Name: spec_check; Type: TABLE DATA; Schema: public; Owner: postgres
--

COPY public.spec_check (id, doc_number, doc_date, iin_id) FROM stdin;
\.


--
-- Data for Name: sport_results; Type: TABLE DATA; Schema: public; Owner: postgres
--

COPY public.sport_results (id, sport_type, owning_lvl, iin_id) FROM stdin;
\.


--
-- Data for Name: user_user; Type: TABLE DATA; Schema: public; Owner: postgres
--

COPY public.user_user (id, password, last_login, is_superuser, email, first_name, last_name, is_active, is_staff) FROM stdin;
1	pbkdf2_sha256$600000$XDBhKIyh1CAsOFLSKkxLXQ$P282UJjhqJCN15ozip8n9+8eaVLUrglpkPLqkvLloWw=	2023-08-21 16:52:07.735075+06	t	ssatkan@gmail.com	Shyngys	Satkan	t	t
\.


--
-- Data for Name: user_user_groups; Type: TABLE DATA; Schema: public; Owner: postgres
--

COPY public.user_user_groups (id, user_id, group_id) FROM stdin;
\.


--
-- Data for Name: user_user_user_permissions; Type: TABLE DATA; Schema: public; Owner: postgres
--

COPY public.user_user_user_permissions (id, user_id, permission_id) FROM stdin;
\.


--
-- Data for Name: working_history; Type: TABLE DATA; Schema: public; Owner: postgres
--

COPY public.working_history (id, working_start, working_end, departament, jposition, orfanization_name, organization_addres, iin_id) FROM stdin;
\.


--
-- Name: academic_degree_id_seq; Type: SEQUENCE SET; Schema: public; Owner: postgres
--

SELECT pg_catalog.setval('public.academic_degree_id_seq', 3, true);


--
-- Name: attestation_id_seq; Type: SEQUENCE SET; Schema: public; Owner: postgres
--

SELECT pg_catalog.setval('public.attestation_id_seq', 3, true);


--
-- Name: auth_group_id_seq; Type: SEQUENCE SET; Schema: public; Owner: postgres
--

SELECT pg_catalog.setval('public.auth_group_id_seq', 1, false);


--
-- Name: auth_group_permissions_id_seq; Type: SEQUENCE SET; Schema: public; Owner: postgres
--

SELECT pg_catalog.setval('public.auth_group_permissions_id_seq', 1, false);


--
-- Name: auth_permission_id_seq; Type: SEQUENCE SET; Schema: public; Owner: postgres
--

SELECT pg_catalog.setval('public.auth_permission_id_seq', 104, true);


--
-- Name: autobiography_id_seq; Type: SEQUENCE SET; Schema: public; Owner: postgres
--

SELECT pg_catalog.setval('public.autobiography_id_seq', 3, true);


--
-- Name: awards_id_seq; Type: SEQUENCE SET; Schema: public; Owner: postgres
--

SELECT pg_catalog.setval('public.awards_id_seq', 4, true);


--
-- Name: class_category_id_seq; Type: SEQUENCE SET; Schema: public; Owner: postgres
--

SELECT pg_catalog.setval('public.class_category_id_seq', 2, true);


--
-- Name: courses_id_seq; Type: SEQUENCE SET; Schema: public; Owner: postgres
--

SELECT pg_catalog.setval('public.courses_id_seq', 1, false);


--
-- Name: django_admin_log_id_seq; Type: SEQUENCE SET; Schema: public; Owner: postgres
--

SELECT pg_catalog.setval('public.django_admin_log_id_seq', 82, true);


--
-- Name: django_content_type_id_seq; Type: SEQUENCE SET; Schema: public; Owner: postgres
--

SELECT pg_catalog.setval('public.django_content_type_id_seq', 26, true);


--
-- Name: django_migrations_id_seq; Type: SEQUENCE SET; Schema: public; Owner: postgres
--

SELECT pg_catalog.setval('public.django_migrations_id_seq', 43, true);


--
-- Name: education_id_seq; Type: SEQUENCE SET; Schema: public; Owner: postgres
--

SELECT pg_catalog.setval('public.education_id_seq', 2, true);


--
-- Name: family_composition_id_seq; Type: SEQUENCE SET; Schema: public; Owner: postgres
--

SELECT pg_catalog.setval('public.family_composition_id_seq', 29, true);


--
-- Name: general_info_id_seq; Type: SEQUENCE SET; Schema: public; Owner: postgres
--

SELECT pg_catalog.setval('public.general_info_id_seq', 15, true);


--
-- Name: group_id_seq; Type: SEQUENCE SET; Schema: public; Owner: postgres
--

SELECT pg_catalog.setval('public.group_id_seq', 10, true);


--
-- Name: investigation_retrieval_id_seq; Type: SEQUENCE SET; Schema: public; Owner: postgres
--

SELECT pg_catalog.setval('public.investigation_retrieval_id_seq', 3, true);


--
-- Name: military_rank_id_seq; Type: SEQUENCE SET; Schema: public; Owner: postgres
--

SELECT pg_catalog.setval('public.military_rank_id_seq', 1, true);


--
-- Name: orders_list_id_seq; Type: SEQUENCE SET; Schema: public; Owner: postgres
--

SELECT pg_catalog.setval('public.orders_list_id_seq', 4, true);


--
-- Name: owning_languages_id_seq; Type: SEQUENCE SET; Schema: public; Owner: postgres
--

SELECT pg_catalog.setval('public.owning_languages_id_seq', 1, false);


--
-- Name: personal_data_id_seq; Type: SEQUENCE SET; Schema: public; Owner: postgres
--

SELECT pg_catalog.setval('public.personal_data_id_seq', 4, true);


--
-- Name: photo_id_seq; Type: SEQUENCE SET; Schema: public; Owner: postgres
--

SELECT pg_catalog.setval('public.photo_id_seq', 16, true);


--
-- Name: sick_leaves_id_seq; Type: SEQUENCE SET; Schema: public; Owner: postgres
--

SELECT pg_catalog.setval('public.sick_leaves_id_seq', 2, true);


--
-- Name: spec_check_id_seq; Type: SEQUENCE SET; Schema: public; Owner: postgres
--

SELECT pg_catalog.setval('public.spec_check_id_seq', 4, true);


--
-- Name: sport_results_id_seq; Type: SEQUENCE SET; Schema: public; Owner: postgres
--

SELECT pg_catalog.setval('public.sport_results_id_seq', 1, false);


--
-- Name: user_user_groups_id_seq; Type: SEQUENCE SET; Schema: public; Owner: postgres
--

SELECT pg_catalog.setval('public.user_user_groups_id_seq', 1, false);


--
-- Name: user_user_id_seq; Type: SEQUENCE SET; Schema: public; Owner: postgres
--

SELECT pg_catalog.setval('public.user_user_id_seq', 1, true);


--
-- Name: user_user_user_permissions_id_seq; Type: SEQUENCE SET; Schema: public; Owner: postgres
--

SELECT pg_catalog.setval('public.user_user_user_permissions_id_seq', 1, false);


--
-- Name: working_history_id_seq; Type: SEQUENCE SET; Schema: public; Owner: postgres
--

SELECT pg_catalog.setval('public.working_history_id_seq', 8, true);


--
-- Name: academic_degree academic_degree_pkey; Type: CONSTRAINT; Schema: public; Owner: postgres
--

ALTER TABLE ONLY public.academic_degree
    ADD CONSTRAINT academic_degree_pkey PRIMARY KEY (id);


--
-- Name: attestation attestation_pkey; Type: CONSTRAINT; Schema: public; Owner: postgres
--

ALTER TABLE ONLY public.attestation
    ADD CONSTRAINT attestation_pkey PRIMARY KEY (id);


--
-- Name: auth_group auth_group_name_key; Type: CONSTRAINT; Schema: public; Owner: postgres
--

ALTER TABLE ONLY public.auth_group
    ADD CONSTRAINT auth_group_name_key UNIQUE (name);


--
-- Name: auth_group_permissions auth_group_permissions_group_id_permission_id_0cd325b0_uniq; Type: CONSTRAINT; Schema: public; Owner: postgres
--

ALTER TABLE ONLY public.auth_group_permissions
    ADD CONSTRAINT auth_group_permissions_group_id_permission_id_0cd325b0_uniq UNIQUE (group_id, permission_id);


--
-- Name: auth_group_permissions auth_group_permissions_pkey; Type: CONSTRAINT; Schema: public; Owner: postgres
--

ALTER TABLE ONLY public.auth_group_permissions
    ADD CONSTRAINT auth_group_permissions_pkey PRIMARY KEY (id);


--
-- Name: auth_group auth_group_pkey; Type: CONSTRAINT; Schema: public; Owner: postgres
--

ALTER TABLE ONLY public.auth_group
    ADD CONSTRAINT auth_group_pkey PRIMARY KEY (id);


--
-- Name: auth_permission auth_permission_content_type_id_codename_01ab375a_uniq; Type: CONSTRAINT; Schema: public; Owner: postgres
--

ALTER TABLE ONLY public.auth_permission
    ADD CONSTRAINT auth_permission_content_type_id_codename_01ab375a_uniq UNIQUE (content_type_id, codename);


--
-- Name: auth_permission auth_permission_pkey; Type: CONSTRAINT; Schema: public; Owner: postgres
--

ALTER TABLE ONLY public.auth_permission
    ADD CONSTRAINT auth_permission_pkey PRIMARY KEY (id);


--
-- Name: autobiography autobiography_pkey; Type: CONSTRAINT; Schema: public; Owner: postgres
--

ALTER TABLE ONLY public.autobiography
    ADD CONSTRAINT autobiography_pkey PRIMARY KEY (id);


--
-- Name: awards awards_pkey; Type: CONSTRAINT; Schema: public; Owner: postgres
--

ALTER TABLE ONLY public.awards
    ADD CONSTRAINT awards_pkey PRIMARY KEY (id);


--
-- Name: class_category class_category_pkey; Type: CONSTRAINT; Schema: public; Owner: postgres
--

ALTER TABLE ONLY public.class_category
    ADD CONSTRAINT class_category_pkey PRIMARY KEY (id);


--
-- Name: courses courses_pkey; Type: CONSTRAINT; Schema: public; Owner: postgres
--

ALTER TABLE ONLY public.courses
    ADD CONSTRAINT courses_pkey PRIMARY KEY (id);


--
-- Name: django_admin_log django_admin_log_pkey; Type: CONSTRAINT; Schema: public; Owner: postgres
--

ALTER TABLE ONLY public.django_admin_log
    ADD CONSTRAINT django_admin_log_pkey PRIMARY KEY (id);


--
-- Name: django_content_type django_content_type_app_label_model_76bd3d3b_uniq; Type: CONSTRAINT; Schema: public; Owner: postgres
--

ALTER TABLE ONLY public.django_content_type
    ADD CONSTRAINT django_content_type_app_label_model_76bd3d3b_uniq UNIQUE (app_label, model);


--
-- Name: django_content_type django_content_type_pkey; Type: CONSTRAINT; Schema: public; Owner: postgres
--

ALTER TABLE ONLY public.django_content_type
    ADD CONSTRAINT django_content_type_pkey PRIMARY KEY (id);


--
-- Name: django_migrations django_migrations_pkey; Type: CONSTRAINT; Schema: public; Owner: postgres
--

ALTER TABLE ONLY public.django_migrations
    ADD CONSTRAINT django_migrations_pkey PRIMARY KEY (id);


--
-- Name: django_session django_session_pkey; Type: CONSTRAINT; Schema: public; Owner: postgres
--

ALTER TABLE ONLY public.django_session
    ADD CONSTRAINT django_session_pkey PRIMARY KEY (session_key);


--
-- Name: education education_pkey; Type: CONSTRAINT; Schema: public; Owner: postgres
--

ALTER TABLE ONLY public.education
    ADD CONSTRAINT education_pkey PRIMARY KEY (id);


--
-- Name: family_composition family_composition_pkey; Type: CONSTRAINT; Schema: public; Owner: postgres
--

ALTER TABLE ONLY public.family_composition
    ADD CONSTRAINT family_composition_pkey PRIMARY KEY (id);


--
-- Name: general_info general_info_pkey; Type: CONSTRAINT; Schema: public; Owner: postgres
--

ALTER TABLE ONLY public.general_info
    ADD CONSTRAINT general_info_pkey PRIMARY KEY (id);


--
-- Name: group group_pkey; Type: CONSTRAINT; Schema: public; Owner: postgres
--

ALTER TABLE ONLY public."group"
    ADD CONSTRAINT group_pkey PRIMARY KEY (id);


--
-- Name: investigation_retrieval investigation_retrieval_pkey; Type: CONSTRAINT; Schema: public; Owner: postgres
--

ALTER TABLE ONLY public.investigation_retrieval
    ADD CONSTRAINT investigation_retrieval_pkey PRIMARY KEY (id);


--
-- Name: military_rank military_rank_pkey; Type: CONSTRAINT; Schema: public; Owner: postgres
--

ALTER TABLE ONLY public.military_rank
    ADD CONSTRAINT military_rank_pkey PRIMARY KEY (id);


--
-- Name: orders_list orders_list_pkey; Type: CONSTRAINT; Schema: public; Owner: postgres
--

ALTER TABLE ONLY public.orders_list
    ADD CONSTRAINT orders_list_pkey PRIMARY KEY (id);


--
-- Name: owning_languages owning_languages_pkey; Type: CONSTRAINT; Schema: public; Owner: postgres
--

ALTER TABLE ONLY public.owning_languages
    ADD CONSTRAINT owning_languages_pkey PRIMARY KEY (id);


--
-- Name: personal_data personal_data_pkey; Type: CONSTRAINT; Schema: public; Owner: postgres
--

ALTER TABLE ONLY public.personal_data
    ADD CONSTRAINT personal_data_pkey PRIMARY KEY (id);


--
-- Name: photo photo_pkey; Type: CONSTRAINT; Schema: public; Owner: postgres
--

ALTER TABLE ONLY public.photo
    ADD CONSTRAINT photo_pkey PRIMARY KEY (id);


--
-- Name: sick_leaves sick_leaves_pkey; Type: CONSTRAINT; Schema: public; Owner: postgres
--

ALTER TABLE ONLY public.sick_leaves
    ADD CONSTRAINT sick_leaves_pkey PRIMARY KEY (id);


--
-- Name: spec_check spec_check_pkey; Type: CONSTRAINT; Schema: public; Owner: postgres
--

ALTER TABLE ONLY public.spec_check
    ADD CONSTRAINT spec_check_pkey PRIMARY KEY (id);


--
-- Name: sport_results sport_results_pkey; Type: CONSTRAINT; Schema: public; Owner: postgres
--

ALTER TABLE ONLY public.sport_results
    ADD CONSTRAINT sport_results_pkey PRIMARY KEY (id);


--
-- Name: user_user user_user_email_key; Type: CONSTRAINT; Schema: public; Owner: postgres
--

ALTER TABLE ONLY public.user_user
    ADD CONSTRAINT user_user_email_key UNIQUE (email);


--
-- Name: user_user_groups user_user_groups_pkey; Type: CONSTRAINT; Schema: public; Owner: postgres
--

ALTER TABLE ONLY public.user_user_groups
    ADD CONSTRAINT user_user_groups_pkey PRIMARY KEY (id);


--
-- Name: user_user_groups user_user_groups_user_id_group_id_bb60391f_uniq; Type: CONSTRAINT; Schema: public; Owner: postgres
--

ALTER TABLE ONLY public.user_user_groups
    ADD CONSTRAINT user_user_groups_user_id_group_id_bb60391f_uniq UNIQUE (user_id, group_id);


--
-- Name: user_user user_user_pkey; Type: CONSTRAINT; Schema: public; Owner: postgres
--

ALTER TABLE ONLY public.user_user
    ADD CONSTRAINT user_user_pkey PRIMARY KEY (id);


--
-- Name: user_user_user_permissions user_user_user_permissions_pkey; Type: CONSTRAINT; Schema: public; Owner: postgres
--

ALTER TABLE ONLY public.user_user_user_permissions
    ADD CONSTRAINT user_user_user_permissions_pkey PRIMARY KEY (id);


--
-- Name: user_user_user_permissions user_user_user_permissions_user_id_permission_id_64f4d5b8_uniq; Type: CONSTRAINT; Schema: public; Owner: postgres
--

ALTER TABLE ONLY public.user_user_user_permissions
    ADD CONSTRAINT user_user_user_permissions_user_id_permission_id_64f4d5b8_uniq UNIQUE (user_id, permission_id);


--
-- Name: working_history working_history_pkey; Type: CONSTRAINT; Schema: public; Owner: postgres
--

ALTER TABLE ONLY public.working_history
    ADD CONSTRAINT working_history_pkey PRIMARY KEY (id);


--
-- Name: academic_degree_iin_id_1ae2d9e5; Type: INDEX; Schema: public; Owner: postgres
--

CREATE INDEX academic_degree_iin_id_1ae2d9e5 ON public.academic_degree USING btree (iin_id);


--
-- Name: attestation_iin_id_10ef7f92; Type: INDEX; Schema: public; Owner: postgres
--

CREATE INDEX attestation_iin_id_10ef7f92 ON public.attestation USING btree (iin_id);


--
-- Name: auth_group_name_a6ea08ec_like; Type: INDEX; Schema: public; Owner: postgres
--

CREATE INDEX auth_group_name_a6ea08ec_like ON public.auth_group USING btree (name varchar_pattern_ops);


--
-- Name: auth_group_permissions_group_id_b120cbf9; Type: INDEX; Schema: public; Owner: postgres
--

CREATE INDEX auth_group_permissions_group_id_b120cbf9 ON public.auth_group_permissions USING btree (group_id);


--
-- Name: auth_group_permissions_permission_id_84c5c92e; Type: INDEX; Schema: public; Owner: postgres
--

CREATE INDEX auth_group_permissions_permission_id_84c5c92e ON public.auth_group_permissions USING btree (permission_id);


--
-- Name: auth_permission_content_type_id_2f476e4b; Type: INDEX; Schema: public; Owner: postgres
--

CREATE INDEX auth_permission_content_type_id_2f476e4b ON public.auth_permission USING btree (content_type_id);


--
-- Name: autobiography_iin_id_923accd6; Type: INDEX; Schema: public; Owner: postgres
--

CREATE INDEX autobiography_iin_id_923accd6 ON public.autobiography USING btree (iin_id);


--
-- Name: awards_iin_id_7f498005; Type: INDEX; Schema: public; Owner: postgres
--

CREATE INDEX awards_iin_id_7f498005 ON public.awards USING btree (iin_id);


--
-- Name: class_category_iin_id_856f6ec5; Type: INDEX; Schema: public; Owner: postgres
--

CREATE INDEX class_category_iin_id_856f6ec5 ON public.class_category USING btree (iin_id);


--
-- Name: courses_iin_id_7447c74d; Type: INDEX; Schema: public; Owner: postgres
--

CREATE INDEX courses_iin_id_7447c74d ON public.courses USING btree (iin_id);


--
-- Name: django_admin_log_content_type_id_c4bce8eb; Type: INDEX; Schema: public; Owner: postgres
--

CREATE INDEX django_admin_log_content_type_id_c4bce8eb ON public.django_admin_log USING btree (content_type_id);


--
-- Name: django_admin_log_user_id_c564eba6; Type: INDEX; Schema: public; Owner: postgres
--

CREATE INDEX django_admin_log_user_id_c564eba6 ON public.django_admin_log USING btree (user_id);


--
-- Name: django_session_expire_date_a5c62663; Type: INDEX; Schema: public; Owner: postgres
--

CREATE INDEX django_session_expire_date_a5c62663 ON public.django_session USING btree (expire_date);


--
-- Name: django_session_session_key_c0390e0f_like; Type: INDEX; Schema: public; Owner: postgres
--

CREATE INDEX django_session_session_key_c0390e0f_like ON public.django_session USING btree (session_key varchar_pattern_ops);


--
-- Name: education_iin_id_1190a483; Type: INDEX; Schema: public; Owner: postgres
--

CREATE INDEX education_iin_id_1190a483 ON public.education USING btree (iin_id);


--
-- Name: family_composition_iin_id_08bb0a50; Type: INDEX; Schema: public; Owner: postgres
--

CREATE INDEX family_composition_iin_id_08bb0a50 ON public.family_composition USING btree (iin_id);


--
-- Name: general_info_group_id_3432b5fc; Type: INDEX; Schema: public; Owner: postgres
--

CREATE INDEX general_info_group_id_3432b5fc ON public.general_info USING btree (group_id);


--
-- Name: investigation_retrieval_iin_id_7d8b906c; Type: INDEX; Schema: public; Owner: postgres
--

CREATE INDEX investigation_retrieval_iin_id_7d8b906c ON public.investigation_retrieval USING btree (iin_id);


--
-- Name: military_rank_iin_id_09d70f65; Type: INDEX; Schema: public; Owner: postgres
--

CREATE INDEX military_rank_iin_id_09d70f65 ON public.military_rank USING btree (iin_id);


--
-- Name: orders_list_iin_id_fc1ae705; Type: INDEX; Schema: public; Owner: postgres
--

CREATE INDEX orders_list_iin_id_fc1ae705 ON public.orders_list USING btree (iin_id);


--
-- Name: owning_languages_iin_id_c3441027; Type: INDEX; Schema: public; Owner: postgres
--

CREATE INDEX owning_languages_iin_id_c3441027 ON public.owning_languages USING btree (iin_id);


--
-- Name: personal_data_iin_id_fede77ae; Type: INDEX; Schema: public; Owner: postgres
--

CREATE INDEX personal_data_iin_id_fede77ae ON public.personal_data USING btree (iin_id);


--
-- Name: photo_iin_id_ae6c4eef; Type: INDEX; Schema: public; Owner: postgres
--

CREATE INDEX photo_iin_id_ae6c4eef ON public.photo USING btree (iin_id);


--
-- Name: sick_leaves_iin_id_1c494a74; Type: INDEX; Schema: public; Owner: postgres
--

CREATE INDEX sick_leaves_iin_id_1c494a74 ON public.sick_leaves USING btree (iin_id);


--
-- Name: spec_check_iin_id_37f4cde3; Type: INDEX; Schema: public; Owner: postgres
--

CREATE INDEX spec_check_iin_id_37f4cde3 ON public.spec_check USING btree (iin_id);


--
-- Name: sport_results_iin_id_623316aa; Type: INDEX; Schema: public; Owner: postgres
--

CREATE INDEX sport_results_iin_id_623316aa ON public.sport_results USING btree (iin_id);


--
-- Name: user_user_email_1c6f3d1a_like; Type: INDEX; Schema: public; Owner: postgres
--

CREATE INDEX user_user_email_1c6f3d1a_like ON public.user_user USING btree (email varchar_pattern_ops);


--
-- Name: user_user_groups_group_id_c57f13c0; Type: INDEX; Schema: public; Owner: postgres
--

CREATE INDEX user_user_groups_group_id_c57f13c0 ON public.user_user_groups USING btree (group_id);


--
-- Name: user_user_groups_user_id_13f9a20d; Type: INDEX; Schema: public; Owner: postgres
--

CREATE INDEX user_user_groups_user_id_13f9a20d ON public.user_user_groups USING btree (user_id);


--
-- Name: user_user_user_permissions_permission_id_ce49d4de; Type: INDEX; Schema: public; Owner: postgres
--

CREATE INDEX user_user_user_permissions_permission_id_ce49d4de ON public.user_user_user_permissions USING btree (permission_id);


--
-- Name: user_user_user_permissions_user_id_31782f58; Type: INDEX; Schema: public; Owner: postgres
--

CREATE INDEX user_user_user_permissions_user_id_31782f58 ON public.user_user_user_permissions USING btree (user_id);


--
-- Name: working_history_iin_id_e03b8c31; Type: INDEX; Schema: public; Owner: postgres
--

CREATE INDEX working_history_iin_id_e03b8c31 ON public.working_history USING btree (iin_id);


--
-- Name: academic_degree academic_degree_iin_id_1ae2d9e5_fk_general_info_id; Type: FK CONSTRAINT; Schema: public; Owner: postgres
--

ALTER TABLE ONLY public.academic_degree
    ADD CONSTRAINT academic_degree_iin_id_1ae2d9e5_fk_general_info_id FOREIGN KEY (iin_id) REFERENCES public.general_info(id) DEFERRABLE INITIALLY DEFERRED;


--
-- Name: attestation attestation_iin_id_10ef7f92_fk_general_info_id; Type: FK CONSTRAINT; Schema: public; Owner: postgres
--

ALTER TABLE ONLY public.attestation
    ADD CONSTRAINT attestation_iin_id_10ef7f92_fk_general_info_id FOREIGN KEY (iin_id) REFERENCES public.general_info(id) DEFERRABLE INITIALLY DEFERRED;


--
-- Name: auth_group_permissions auth_group_permissio_permission_id_84c5c92e_fk_auth_perm; Type: FK CONSTRAINT; Schema: public; Owner: postgres
--

ALTER TABLE ONLY public.auth_group_permissions
    ADD CONSTRAINT auth_group_permissio_permission_id_84c5c92e_fk_auth_perm FOREIGN KEY (permission_id) REFERENCES public.auth_permission(id) DEFERRABLE INITIALLY DEFERRED;


--
-- Name: auth_group_permissions auth_group_permissions_group_id_b120cbf9_fk_auth_group_id; Type: FK CONSTRAINT; Schema: public; Owner: postgres
--

ALTER TABLE ONLY public.auth_group_permissions
    ADD CONSTRAINT auth_group_permissions_group_id_b120cbf9_fk_auth_group_id FOREIGN KEY (group_id) REFERENCES public.auth_group(id) DEFERRABLE INITIALLY DEFERRED;


--
-- Name: auth_permission auth_permission_content_type_id_2f476e4b_fk_django_co; Type: FK CONSTRAINT; Schema: public; Owner: postgres
--

ALTER TABLE ONLY public.auth_permission
    ADD CONSTRAINT auth_permission_content_type_id_2f476e4b_fk_django_co FOREIGN KEY (content_type_id) REFERENCES public.django_content_type(id) DEFERRABLE INITIALLY DEFERRED;


--
-- Name: autobiography autobiography_iin_id_923accd6_fk_general_info_id; Type: FK CONSTRAINT; Schema: public; Owner: postgres
--

ALTER TABLE ONLY public.autobiography
    ADD CONSTRAINT autobiography_iin_id_923accd6_fk_general_info_id FOREIGN KEY (iin_id) REFERENCES public.general_info(id) DEFERRABLE INITIALLY DEFERRED;


--
-- Name: awards awards_iin_id_7f498005_fk_general_info_id; Type: FK CONSTRAINT; Schema: public; Owner: postgres
--

ALTER TABLE ONLY public.awards
    ADD CONSTRAINT awards_iin_id_7f498005_fk_general_info_id FOREIGN KEY (iin_id) REFERENCES public.general_info(id) DEFERRABLE INITIALLY DEFERRED;


--
-- Name: class_category class_category_iin_id_856f6ec5_fk_general_info_id; Type: FK CONSTRAINT; Schema: public; Owner: postgres
--

ALTER TABLE ONLY public.class_category
    ADD CONSTRAINT class_category_iin_id_856f6ec5_fk_general_info_id FOREIGN KEY (iin_id) REFERENCES public.general_info(id) DEFERRABLE INITIALLY DEFERRED;


--
-- Name: courses courses_iin_id_7447c74d_fk_general_info_id; Type: FK CONSTRAINT; Schema: public; Owner: postgres
--

ALTER TABLE ONLY public.courses
    ADD CONSTRAINT courses_iin_id_7447c74d_fk_general_info_id FOREIGN KEY (iin_id) REFERENCES public.general_info(id) DEFERRABLE INITIALLY DEFERRED;


--
-- Name: django_admin_log django_admin_log_content_type_id_c4bce8eb_fk_django_co; Type: FK CONSTRAINT; Schema: public; Owner: postgres
--

ALTER TABLE ONLY public.django_admin_log
    ADD CONSTRAINT django_admin_log_content_type_id_c4bce8eb_fk_django_co FOREIGN KEY (content_type_id) REFERENCES public.django_content_type(id) DEFERRABLE INITIALLY DEFERRED;


--
-- Name: django_admin_log django_admin_log_user_id_c564eba6_fk_user_user_id; Type: FK CONSTRAINT; Schema: public; Owner: postgres
--

ALTER TABLE ONLY public.django_admin_log
    ADD CONSTRAINT django_admin_log_user_id_c564eba6_fk_user_user_id FOREIGN KEY (user_id) REFERENCES public.user_user(id) DEFERRABLE INITIALLY DEFERRED;


--
-- Name: education education_iin_id_1190a483_fk_general_info_id; Type: FK CONSTRAINT; Schema: public; Owner: postgres
--

ALTER TABLE ONLY public.education
    ADD CONSTRAINT education_iin_id_1190a483_fk_general_info_id FOREIGN KEY (iin_id) REFERENCES public.general_info(id) DEFERRABLE INITIALLY DEFERRED;


--
-- Name: family_composition family_composition_iin_id_08bb0a50_fk_general_info_id; Type: FK CONSTRAINT; Schema: public; Owner: postgres
--

ALTER TABLE ONLY public.family_composition
    ADD CONSTRAINT family_composition_iin_id_08bb0a50_fk_general_info_id FOREIGN KEY (iin_id) REFERENCES public.general_info(id) DEFERRABLE INITIALLY DEFERRED;


--
-- Name: general_info general_info_group_id_3432b5fc_fk_group_id; Type: FK CONSTRAINT; Schema: public; Owner: postgres
--

ALTER TABLE ONLY public.general_info
    ADD CONSTRAINT general_info_group_id_3432b5fc_fk_group_id FOREIGN KEY (group_id) REFERENCES public."group"(id) DEFERRABLE INITIALLY DEFERRED;


--
-- Name: investigation_retrieval investigation_retrieval_iin_id_7d8b906c_fk_general_info_id; Type: FK CONSTRAINT; Schema: public; Owner: postgres
--

ALTER TABLE ONLY public.investigation_retrieval
    ADD CONSTRAINT investigation_retrieval_iin_id_7d8b906c_fk_general_info_id FOREIGN KEY (iin_id) REFERENCES public.general_info(id) DEFERRABLE INITIALLY DEFERRED;


--
-- Name: military_rank military_rank_iin_id_09d70f65_fk_general_info_id; Type: FK CONSTRAINT; Schema: public; Owner: postgres
--

ALTER TABLE ONLY public.military_rank
    ADD CONSTRAINT military_rank_iin_id_09d70f65_fk_general_info_id FOREIGN KEY (iin_id) REFERENCES public.general_info(id) DEFERRABLE INITIALLY DEFERRED;


--
-- Name: orders_list orders_list_iin_id_fc1ae705_fk_general_info_id; Type: FK CONSTRAINT; Schema: public; Owner: postgres
--

ALTER TABLE ONLY public.orders_list
    ADD CONSTRAINT orders_list_iin_id_fc1ae705_fk_general_info_id FOREIGN KEY (iin_id) REFERENCES public.general_info(id) DEFERRABLE INITIALLY DEFERRED;


--
-- Name: owning_languages owning_languages_iin_id_c3441027_fk_general_info_id; Type: FK CONSTRAINT; Schema: public; Owner: postgres
--

ALTER TABLE ONLY public.owning_languages
    ADD CONSTRAINT owning_languages_iin_id_c3441027_fk_general_info_id FOREIGN KEY (iin_id) REFERENCES public.general_info(id) DEFERRABLE INITIALLY DEFERRED;


--
-- Name: personal_data personal_data_iin_id_fede77ae_fk_general_info_id; Type: FK CONSTRAINT; Schema: public; Owner: postgres
--

ALTER TABLE ONLY public.personal_data
    ADD CONSTRAINT personal_data_iin_id_fede77ae_fk_general_info_id FOREIGN KEY (iin_id) REFERENCES public.general_info(id) DEFERRABLE INITIALLY DEFERRED;


--
-- Name: photo photo_iin_id_ae6c4eef_fk_general_info_id; Type: FK CONSTRAINT; Schema: public; Owner: postgres
--

ALTER TABLE ONLY public.photo
    ADD CONSTRAINT photo_iin_id_ae6c4eef_fk_general_info_id FOREIGN KEY (iin_id) REFERENCES public.general_info(id) DEFERRABLE INITIALLY DEFERRED;


--
-- Name: sick_leaves sick_leaves_iin_id_1c494a74_fk_general_info_id; Type: FK CONSTRAINT; Schema: public; Owner: postgres
--

ALTER TABLE ONLY public.sick_leaves
    ADD CONSTRAINT sick_leaves_iin_id_1c494a74_fk_general_info_id FOREIGN KEY (iin_id) REFERENCES public.general_info(id) DEFERRABLE INITIALLY DEFERRED;


--
-- Name: spec_check spec_check_iin_id_37f4cde3_fk_general_info_id; Type: FK CONSTRAINT; Schema: public; Owner: postgres
--

ALTER TABLE ONLY public.spec_check
    ADD CONSTRAINT spec_check_iin_id_37f4cde3_fk_general_info_id FOREIGN KEY (iin_id) REFERENCES public.general_info(id) DEFERRABLE INITIALLY DEFERRED;


--
-- Name: sport_results sport_results_iin_id_623316aa_fk_general_info_id; Type: FK CONSTRAINT; Schema: public; Owner: postgres
--

ALTER TABLE ONLY public.sport_results
    ADD CONSTRAINT sport_results_iin_id_623316aa_fk_general_info_id FOREIGN KEY (iin_id) REFERENCES public.general_info(id) DEFERRABLE INITIALLY DEFERRED;


--
-- Name: user_user_groups user_user_groups_group_id_c57f13c0_fk_auth_group_id; Type: FK CONSTRAINT; Schema: public; Owner: postgres
--

ALTER TABLE ONLY public.user_user_groups
    ADD CONSTRAINT user_user_groups_group_id_c57f13c0_fk_auth_group_id FOREIGN KEY (group_id) REFERENCES public.auth_group(id) DEFERRABLE INITIALLY DEFERRED;


--
-- Name: user_user_groups user_user_groups_user_id_13f9a20d_fk_user_user_id; Type: FK CONSTRAINT; Schema: public; Owner: postgres
--

ALTER TABLE ONLY public.user_user_groups
    ADD CONSTRAINT user_user_groups_user_id_13f9a20d_fk_user_user_id FOREIGN KEY (user_id) REFERENCES public.user_user(id) DEFERRABLE INITIALLY DEFERRED;


--
-- Name: user_user_user_permissions user_user_user_permi_permission_id_ce49d4de_fk_auth_perm; Type: FK CONSTRAINT; Schema: public; Owner: postgres
--

ALTER TABLE ONLY public.user_user_user_permissions
    ADD CONSTRAINT user_user_user_permi_permission_id_ce49d4de_fk_auth_perm FOREIGN KEY (permission_id) REFERENCES public.auth_permission(id) DEFERRABLE INITIALLY DEFERRED;


--
-- Name: user_user_user_permissions user_user_user_permissions_user_id_31782f58_fk_user_user_id; Type: FK CONSTRAINT; Schema: public; Owner: postgres
--

ALTER TABLE ONLY public.user_user_user_permissions
    ADD CONSTRAINT user_user_user_permissions_user_id_31782f58_fk_user_user_id FOREIGN KEY (user_id) REFERENCES public.user_user(id) DEFERRABLE INITIALLY DEFERRED;


--
-- Name: working_history working_history_iin_id_e03b8c31_fk_general_info_id; Type: FK CONSTRAINT; Schema: public; Owner: postgres
--

ALTER TABLE ONLY public.working_history
    ADD CONSTRAINT working_history_iin_id_e03b8c31_fk_general_info_id FOREIGN KEY (iin_id) REFERENCES public.general_info(id) DEFERRABLE INITIALLY DEFERRED;


--
-- PostgreSQL database dump complete
--

